Feature,Chi2 Score,P-Value,cfDNA,Islet
f_13541:13569:13600_`101,50.23410538,1.36E-12,0,26
f_13691:13742:13784_`101,47.85984848,4.58E-12,0,16
f_13368:13401:13419_`011,47.30388015,6.08E-12,0,20.5
r_13678:13760:13804_`101,46.65714536,8.46E-12,0,15
f_13541:13569:13577_`101,46.56976703,8.84E-12,0,24
f_13686:13742:13784_`101,45.385797,1.62E-11,0,18
r_13686:13713:13760_`110,44.88783827,2.09E-11,0,21.5
f_13360:13372:13411_`011,44.76839855,2.22E-11,0,33.5
f_13533:13569:13600_`101,44.15833563,3.03E-11,0,28.5
f_13334:13360:13381_`101,43.90357746,3.45E-11,0,58
f_13338:13351:13372_`011,43.80617128,3.63E-11,0,29
f_13368:13411:13419_`011,43.74354347,3.74E-11,0,22
f_13541:13569:13634_`101,43.37023337,4.53E-11,0,14
r_13678:13713:13760_`110,43.28122247,4.74E-11,0,20.5
r_13336:13368:13411_`101,43.21748343,4.90E-11,0,34
f_13537:13569:13600_`101,43.11983473,5.15E-11,0,26.5
f_13288:13338:13351_`101,43.0508844,5.33E-11,0,23
r_13701:13760:13794_`101,42.86410119,5.87E-11,0,14
f_13360:13378:13411_`011,42.85317744,5.90E-11,0,32.5
f_13334:13360:13409_`101,42.80650418,6.04E-11,0,40
f_13334:13360:13401_`101,42.57033348,6.82E-11,0,49.5
f_13334:13338:13360_`101,42.55603815,6.87E-11,0,18.5
f_13533:13569:13606_`101,42.52864565,6.97E-11,0,16
r_13684:13713:13760_`110,42.49950414,7.07E-11,0,20
f_13368:13419:13438_`011,42.47596154,7.16E-11,0,9
r_13306:13372:13381_`101,42.35539146,7.61E-11,0,10
r_13661:13713:13760_`110,42.33695652,7.68E-11,0,10
f_13533:13569:13627_`101,42.31548633,7.77E-11,0,18.5
r_13336:13368:13415_`101,42.28195495,7.90E-11,0,25.5
r_13340:13368:13438_`101,42.20712293,8.21E-11,0,13.5
f_13334:13360:13372_`101,42.20222834,8.23E-11,0,51.5
f_13334:13360:13415_`101,42.17846142,8.33E-11,0,33.5
f_13351:13368:13438_`101,42.11226852,8.62E-11,0,12
f_13537:13569:13586_`101,42.09113476,8.71E-11,0,22
f_13334:13338:13372_`101,42.07864948,8.77E-11,0,33
f_13334:13338:13351_`101,42.01191009,9.07E-11,0,50.5
f_13684:13742:13784_`101,41.99371513,9.16E-11,0,15.5
f_13312:13360:13411_`101,41.99179181,9.17E-11,0,17
f_13368:13409:13438_`011,41.93359375,9.44E-11,0,12.5
r_13691:13713:13760_`110,41.88676294,9.67E-11,0,20
f_13340:13360:13401_`101,41.85917012,9.81E-11,0,37.5
f_13360:13372:13401_`011,41.84836525,9.86E-11,0,35
f_13334:13360:13394_`101,41.83788695,9.92E-11,0,52.5
f_13368:13394:13415_`011,41.82225287,1.00E-10,0,29.5
f_13360:13394:13415_`011,41.81137714,1.01E-10,0,35.5
f_13334:13368:13415_`101,41.72491083,1.05E-10,0,27.5
f_13360:13372:13409_`011,41.68136512,1.07E-10,0,34
f_13334:13374:13401_`101,41.6796633,1.08E-10,0,25
f_13678:13742:13784_`101,41.66075758,1.09E-10,0,15
f_13368:13394:13438_`011,41.62450767,1.11E-10,0,13.5
f_13368:13396:13438_`011,41.62450767,1.11E-10,0,12.5
f_13336:13360:13409_`101,41.56034663,1.14E-10,0,34
f_13368:13411:13438_`011,41.43896725,1.22E-10,0,13.5
f_13338:13351:13381_`011,41.25052397,1.34E-10,0,27
f_13312:13360:13394_`101,41.2484813,1.34E-10,0,25
f_13368:13378:13419_`011,41.15775345,1.40E-10,0,17
r_13709:13760:13806_`101,41.12074665,1.43E-10,0,12.5
r_13804:13823:13905_`110,41.09374027,1.45E-10,0,18
r_13334:13368:13438_`101,41.09189904,1.45E-10,0,13.5
r_13351:13378:13419_`101,41.0883342,1.46E-10,0,13.5
f_13334:13360:13411_`101,40.99740465,1.52E-10,0,43
r_13372:13378:13419_`101,40.96856899,1.55E-10,0,11
f_13368:13401:13438_`011,40.95621814,1.56E-10,0,12.5
r_13351:13378:13396_`101,40.92771055,1.58E-10,0,27
r_13713:13742:13808_`101,40.90030891,1.60E-10,0,23
f_13336:13360:13415_`101,40.85458263,1.64E-10,0,31
f_13351:13368:13415_`101,40.8378181,1.65E-10,0,25.5
f_13334:13368:13438_`101,40.82801991,1.66E-10,0,12
f_13351:13360:13409_`101,40.76603326,1.72E-10,0,35.5
f_13336:13368:13411_`101,40.73791867,1.74E-10,0,36
r_13691:13718:13760_`110,40.72431539,1.75E-10,0,28.5
f_13336:13360:13411_`101,40.61753007,1.85E-10,0,37.5
r_13212:13288:13336_`111,40.60421978,1.86E-10,0,12
f_13336:13360:13401_`101,40.59686986,1.87E-10,0,43
r_13718:13742:13808_`101,40.59396145,1.87E-10,0,31.5
f_13336:13360:13394_`101,40.44512748,2.02E-10,0,47.5
f_13336:13338:13360_`101,40.4163532,2.05E-10,0,17
r_13351:13368:13415_`101,40.36506342,2.11E-10,0,33
r_13701:13760:13808_`101,40.3560793,2.12E-10,0,22
f_13368:13381:13438_`011,40.28588122,2.19E-10,0,12
f_13351:13360:13381_`101,40.13397766,2.37E-10,0,50.5
r_13691:13701:13760_`110,40.13309263,2.37E-10,0,41
f_13360:13383:13411_`011,40.12693888,2.38E-10,0,32
f_13360:13372:13415_`011,39.91621935,2.65E-10,0,27.5
f_13351:13360:13401_`101,39.91152276,2.66E-10,0,39
f_13368:13415:13438_`011,39.87900887,2.70E-10,0,11.5
r_13212:13252:13338_`111,39.85768172,2.73E-10,0,10
r_13336:13378:13419_`101,39.83078006,2.77E-10,0,9
f_13533:13569:13634_`101,39.79363479,2.82E-10,0,15.5
f_13334:13368:13419_`101,39.77952734,2.84E-10,0,21.5
r_13701:13760:13804_`101,39.75152541,2.88E-10,0,26
f_13312:13338:13351_`101,39.64202633,3.05E-10,0,23.5
f_13537:13569:13577_`101,39.63357124,3.06E-10,0,25.5
f_13312:13360:13401_`101,39.62813943,3.07E-10,0,21
r_13334:13368:13415_`101,39.57313985,3.16E-10,0,27.5
r_13701:13760:13806_`101,39.55551517,3.19E-10,0,18.5
f_13678:13742:13808_`101,39.53777212,3.22E-10,0,9.5
f_13336:13368:13438_`101,39.5171066,3.25E-10,0,11.5
r_13212:13334:13336_`111,39.49976998,3.28E-10,0,16.5
f_13336:13338:13372_`101,39.47246754,3.33E-10,0,30.5
f_13338:13351:13360_`011,39.46176316,3.35E-10,0,17.5
f_13368:13401:13415_`011,39.43516132,3.39E-10,0,26
r_13701:13760:13815_`101,39.39560193,3.46E-10,0,13
r_13823:13905:13912_`101,39.36322124,3.52E-10,0,8.5
r_13336:13368:13438_`101,39.30981327,3.62E-10,0,13.5
f_13334:13368:13411_`101,39.26286942,3.70E-10,0,36.5
f_13336:13338:13374_`101,39.10291766,4.02E-10,0,23
f_13334:13360:13383_`101,39.07406447,4.08E-10,0,38
f_13338:13351:13401_`011,39.04616643,4.14E-10,0,21
f_13351:13368:13419_`101,39.04217062,4.15E-10,0,18
r_13334:13383:13401_`101,39.03715847,4.16E-10,0,16.5
r_13415:13498:13505_`101,39.03612199,4.16E-10,0,7.5
f_13368:13378:13415_`011,39.0110724,4.21E-10,0,21
f_13368:13378:13438_`011,38.95,4.35E-10,0,9.5
f_13709:13713:13794_`101,38.84114583,4.60E-10,0,9
r_13684:13709:13760_`110,38.83505648,4.61E-10,0,21
r_13686:13709:13760_`110,38.8067837,4.68E-10,0,25.5
r_13709:13760:13804_`101,38.80040064,4.69E-10,0,16
f_13338:13351:13396_`011,38.76207533,4.79E-10,0,21
r_13351:13368:13411_`101,38.71928596,4.89E-10,0,38
f_13567:13569:13634_`101,38.7030248,4.93E-10,0,21
f_13351:13374:13401_`101,38.69793565,4.95E-10,0,19
f_13351:13360:13411_`101,38.66803028,5.02E-10,0,36.5
f_13713:13718:13784_`011,38.64297521,5.09E-10,0,13.5
r_13537:13596:13600_`101,38.63712053,5.10E-10,0,24.5
r_13815:13823:13905_`110,38.63304167,5.11E-10,0,16.5
f_13351:13360:13372_`101,38.63098291,5.12E-10,0,46.5
f_13360:13394:13409_`011,38.60281735,5.19E-10,0,42
f_13691:13742:13804_`101,38.59375,5.22E-10,0,11.5
f_13419:13498:13505_`101,38.59375,5.22E-10,0,0
f_13419:13498:13516_`101,38.59375,5.22E-10,0,0
r_13806:13823:13905_`110,38.57778195,5.26E-10,0,15
f_13334:13368:13409_`101,38.56230206,5.30E-10,0,38
r_13505:13516:13569_`110,38.49006725,5.50E-10,0,25.5
r_13701:13760:13811_`101,38.42630642,5.69E-10,0,15.5
f_13537:13569:13634_`101,38.41391915,5.72E-10,0,13
f_13368:13409:13419_`011,38.3801922,5.82E-10,0,22
f_13312:13338:13340_`101,38.36502518,5.87E-10,0,30.5
f_13336:13368:13415_`101,38.34454904,5.93E-10,0,26
r_13351:13378:13401_`101,38.32096395,6.00E-10,0,24
f_13678:13713:13806_`101,38.28125,6.12E-10,0,6.5
f_13360:13378:13419_`011,38.27033044,6.16E-10,0,19
f_13288:13360:13396_`101,38.25691216,6.20E-10,0,15
f_13334:13360:13419_`101,38.2420309,6.25E-10,0,22
f_13336:13368:13419_`101,38.23841636,6.26E-10,0,21
r_13396:13498:13505_`101,38.23269577,6.28E-10,0,6
f_13351:13360:13394_`101,38.22345832,6.31E-10,0,47.5
r_13718:13760:13815_`101,38.18939663,6.42E-10,0,12.5
f_13368:13383:13419_`011,38.13727981,6.59E-10,0,17.5
f_13288:13336:13338_`110,38.13640359,6.60E-10,0,27
f_13351:13360:13383_`101,38.10912896,6.69E-10,0,37
f_13336:13360:13372_`101,38.10451327,6.71E-10,0,50
r_13691:13760:13784_`101,38.07336147,6.81E-10,0,17.5
f_13340:13368:13438_`101,38.0508311,6.89E-10,0,11.5
f_13368:13383:13438_`011,38.04398148,6.92E-10,0,10.5
f_13338:13368:13415_`101,38.02639589,6.98E-10,0,19
f_13351:13360:13415_`101,38.01051101,7.04E-10,0,27.5
f_13368:13378:13411_`011,37.97523122,7.16E-10,0,26
f_13360:13378:13409_`011,37.96617669,7.20E-10,0,35
r_13709:13718:13760_`110,37.8956436,7.46E-10,0,29
f_13686:13742:13794_`101,37.83854393,7.68E-10,0,9
f_13569:13577:13636_`011,37.82407407,7.74E-10,0,10
f_13524:13569:13577_`101,37.82140197,7.75E-10,0,11.5
f_13334:13372:13381_`101,37.76962353,7.96E-10,0,18
f_13691:13742:13794_`101,37.7625,7.99E-10,0,8.5
f_13368:13383:13411_`011,37.7512411,8.04E-10,0,32
f_13295:13338:13351_`101,37.72506938,8.15E-10,0,35
f_13312:13360:13409_`101,37.71967246,8.17E-10,0,18
f_13691:13742:13808_`101,37.66601563,8.40E-10,0,11.5
r_12909:12918:12932_`110,37.65899187,8.43E-10,0,48
f_13905:13966:14007_`011,37.55558998,8.88E-10,0,26.5
f_13360:13374:13401_`011,37.54132359,8.95E-10,0,30
r_13669:13713:13760_`110,37.52832924,9.01E-10,0,16
f_13338:13351:13378_`011,37.50310356,9.13E-10,0,23
r_13507:13537:13569_`110,37.49795564,9.15E-10,0,15
f_13691:13742:13760_`101,37.49501802,9.16E-10,0,20
f_13533:13569:13596_`101,37.48410689,9.22E-10,0,17.5
f_13340:13360:13411_`101,37.45807616,9.34E-10,0,34.5
r_13351:13368:13401_`101,37.42252175,9.51E-10,0,42
r_13713:13742:13815_`101,37.40474769,9.60E-10,0,18
f_13498:13569:13577_`101,37.4035437,9.60E-10,0,10
r_13541:13596:13600_`101,37.36584825,9.79E-10,0,19
f_13678:13701:13709_`110,37.34747991,9.88E-10,0,40
f_13334:13374:13381_`101,37.30897998,1.01E-09,0,26
r_13701:13742:13815_`101,37.28844752,1.02E-09,0,18.5
r_13351:13372:13411_`101,37.23329388,1.05E-09,0,20
f_13340:13368:13419_`101,37.21102488,1.06E-09,0,19
f_13661:13742:13784_`101,37.21039499,1.06E-09,0,8
f_13368:13394:13419_`011,37.16756512,1.08E-09,0,23
f_13533:13567:13569_`110,37.14916536,1.09E-09,0,21.5
f_13709:13724:13811_`101,37.1297809,1.11E-09,0,8.5
f_13569:13577:13634_`011,37.1129234,1.11E-09,0,32
r_13771:13806:13823_`101,37.109375,1.12E-09,0,7.5
r_12953:13070:13089_`110,37.10264928,1.12E-09,0,6
r_13351:13378:13411_`101,37.07824033,1.13E-09,0,22
f_13368:13372:13438_`011,37.05439815,1.15E-09,0,11
f_13541:13567:13634_`011,37.03125,1.16E-09,0,7.5
f_13334:13368:13401_`101,36.98964972,1.19E-09,0,37.5
r_13808:13815:13905_`110,36.98054226,1.19E-09,0,15.5
f_13351:13360:13378_`101,36.9735153,1.20E-09,0,40
r_13701:13760:13784_`101,36.97059057,1.20E-09,0,22
r_13505:13567:13569_`110,36.94124939,1.22E-09,0,19.5
r_13713:13760:13804_`101,36.89702895,1.25E-09,0,13.5
r_13713:13742:13804_`101,36.88733328,1.25E-09,0,27.5
f_13541:13569:13606_`101,36.86083487,1.27E-09,0,15
f_13334:13383:13401_`101,36.85062026,1.28E-09,0,15.5
r_13709:13742:13808_`101,36.82669231,1.29E-09,0,28
r_13691:13709:13760_`110,36.77119916,1.33E-09,0,24
r_13336:13383:13411_`101,36.76179175,1.33E-09,0,14.5
r_13686:13760:13784_`101,36.75947801,1.34E-09,0,17
f_13360:13381:13401_`011,36.7246403,1.36E-09,0,44.5
r_13684:13709:13784_`110,36.71923316,1.36E-09,0,13.5
r_13678:13707:13742_`110,36.7037058,1.38E-09,0,26
r_13334:13368:13401_`101,36.69587698,1.38E-09,0,44.5
f_13288:13360:13409_`101,36.67214215,1.40E-09,0,11.5
r_13718:13742:13823_`101,36.66850437,1.40E-09,0,18.5
r_13701:13742:13760_`110,36.60981664,1.44E-09,0,19
r_13760:13771:13815_`011,36.5892607,1.46E-09,0,15.5
f_13360:13401:13409_`011,36.57829014,1.47E-09,0,41
r_13811:13823:13905_`110,36.55125542,1.49E-09,0,11.5
r_13701:13742:13823_`101,36.52913634,1.50E-09,0,15
f_13507:13537:13600_`011,36.51065367,1.52E-09,0,13
r_13678:13742:13808_`101,36.50413386,1.52E-09,0,15.5
r_13351:13378:13409_`101,36.49238859,1.53E-09,0,21.5
r_13709:13760:13808_`101,36.48979706,1.53E-09,0,15
f_13701:13742:13784_`101,36.44394256,1.57E-09,0,23
r_13686:13742:13784_`101,36.43249091,1.58E-09,0,29
f_13334:13360:13374_`101,36.40973102,1.60E-09,0,42
r_13378:13383:13415_`101,36.39207944,1.61E-09,0,10
r_13368:13374:13411_`011,36.38522039,1.62E-09,0,30.5
f_13351:13374:13378_`101,36.36715298,1.63E-09,0,20.5
r_13336:13368:13409_`101,36.35789479,1.64E-09,0,35
r_13808:13823:13905_`110,36.34155377,1.66E-09,0,17
f_13567:13596:13647_`101,36.30822374,1.68E-09,0,15
f_13338:13351:13394_`011,36.30522683,1.69E-09,0,22.5
f_13507:13533:13600_`011,36.30161833,1.69E-09,0,15.5
r_13713:13760:13808_`101,36.29473686,1.70E-09,0,13.5
f_13334:13368:13394_`101,36.27825958,1.71E-09,0,49.5
f_13338:13360:13372_`011,36.19496146,1.79E-09,0,16
f_13533:13586:13606_`101,36.16477273,1.81E-09,0,9
r_13678:13760:13784_`101,36.16014118,1.82E-09,0,16.5
f_13678:13771:13808_`101,36.15956005,1.82E-09,0,8.5
f_13312:13368:13419_`101,36.13685345,1.84E-09,0,9.5
f_13336:13368:13396_`101,36.12334643,1.85E-09,0,40.5
f_13360:13401:13411_`011,36.11526985,1.86E-09,0,40.5
r_13507:13541:13569_`110,36.09062275,1.88E-09,0,13.5
f_13334:13372:13401_`101,36.06474325,1.91E-09,0,14
f_13760:13794:13811_`011,36.06415574,1.91E-09,0,10.5
f_13360:13381:13411_`011,36.03922925,1.93E-09,0,38
r_13351:13378:13438_`101,36.02982955,1.94E-09,0,7
f_13374:13378:13411_`011,36.01270358,1.96E-09,0,16
f_13288:13334:13338_`110,36.00325415,1.97E-09,0,29.5
f_13206:13252:13340_`101,35.97426471,2.00E-09,0,5.5
r_21880:21893:22002_`000,35.96714174,2.01E-09,0,112.5
f_13336:13338:13351_`101,35.95951352,2.01E-09,0,41
f_13627:13661:13701_`101,35.93981697,2.04E-09,0,9
r_13505:13596:13600_`101,35.91324976,2.06E-09,0,16.5
f_13678:13771:13804_`101,35.90738319,2.07E-09,0,9
f_13537:13586:13600_`101,35.90116279,2.08E-09,0,16
f_13498:13586:13600_`101,35.8931953,2.08E-09,0,5
r_13804:13815:13905_`110,35.89287926,2.08E-09,0,15
r_13334:13368:13411_`101,35.85252967,2.13E-09,0,33
f_13351:13368:13396_`101,35.83700842,2.15E-09,0,37
r_13334:13378:13381_`101,35.82429097,2.16E-09,0,21
r_13381:13383:13411_`101,35.78763297,2.20E-09,0,18.5
f_13252:13338:13351_`101,35.76532856,2.23E-09,0,11.5
f_13334:13372:13409_`101,35.74051735,2.25E-09,0,14.5
f_13686:13742:13808_`101,35.71777344,2.28E-09,0,11
r_13212:13295:13336_`111,35.71324824,2.29E-09,0,12
f_13912:13938:13966_`011,35.70487133,2.30E-09,0,26
r_13336:13378:13381_`101,35.62645158,2.39E-09,0,21.5
r_13678:13707:13760_`110,35.625,2.39E-09,0,15.5
f_13288:13360:13401_`101,35.60907764,2.41E-09,0,13.5
f_13368:13381:13411_`011,35.60211809,2.42E-09,0,34
r_13374:13378:13419_`101,35.59909505,2.42E-09,0,8.5
f_13784:13794:13806_`011,35.59770316,2.43E-09,0,12.5
r_21880:21882:21998_`000,35.59602342,2.43E-09,0,139
f_13338:13360:13368_`011,35.56082797,2.47E-09,0,13
f_13338:13368:13419_`101,35.54383007,2.49E-09,0,17
r_13804:13808:13905_`110,35.50912113,2.54E-09,0,18.5
f_13206:13252:13336_`101,35.50544231,2.54E-09,0,8.5
f_13312:13360:13396_`101,35.50207892,2.55E-09,0,23.5
f_13295:13360:13401_`101,35.458653,2.61E-09,0,23
r_13669:13707:13742_`110,35.45365575,2.61E-09,0,22.5
f_13691:13724:13808_`101,35.44412734,2.62E-09,0,10.5
r_21882:21893:22002_`000,35.44281901,2.63E-09,0,124.5
f_13505:13569:13600_`101,35.40348654,2.68E-09,0,16.5
f_13334:13374:13409_`101,35.38558468,2.70E-09,0,21
r_13378:13381:13419_`011,35.37071592,2.73E-09,0,14
f_13336:13360:13381_`101,35.36688181,2.73E-09,0,53.5
r_13212:13306:13336_`111,35.35414775,2.75E-09,0,14.5
f_13691:13713:13760_`101,35.35167321,2.75E-09,0,19
f_13334:13340:13401_`101,35.3422619,2.77E-09,0,6
f_13360:13411:13419_`011,35.33453137,2.78E-09,0,22.5
f_13368:13372:13415_`011,35.33152938,2.78E-09,0,20
r_13411:13498:13524_`101,35.328125,2.79E-09,0,3
f_13507:13569:13600_`101,35.27487915,2.86E-09,0,12.5
f_13498:13569:13606_`101,35.25390625,2.89E-09,0,5.5
f_13334:13338:13381_`101,35.24187271,2.91E-09,0,29
f_13351:13360:13396_`101,35.23329785,2.92E-09,0,40.5
r_13686:13701:13760_`110,35.20505798,2.97E-09,0,48.5
r_13351:13368:13374_`101,35.18314449,3.00E-09,0,33
r_13966:14049:14075_`111,35.1037098,3.13E-09,0,11
f_13678:13701:13707_`110,35.09733752,3.14E-09,0,75.5
f_13516:13569:13600_`101,35.0923111,3.14E-09,0,20.5
r_13206:13312:13334_`101,35.04943221,3.21E-09,0,5
r_13533:13600:13606_`110,35.04888993,3.22E-09,0,21
r_13411:13415:13498_`110,35.04199247,3.23E-09,0,7
f_13784:13794:13811_`011,35.01898236,3.27E-09,0,10.5
r_14007:14059:14066_`111,35.00389203,3.29E-09,0,21
r_13374:13378:13401_`101,34.99961807,3.30E-09,0,15
f_13516:13569:13577_`101,34.97011285,3.35E-09,0,21
r_13524:13533:13600_`011,34.96379359,3.36E-09,0,23.5
r_13340:13368:13415_`101,34.96025654,3.37E-09,0,26.5
r_13701:13806:13811_`110,34.93402025,3.41E-09,0,13.5
r_13718:13742:13811_`101,34.93395208,3.41E-09,0,23
f_13288:13360:13411_`101,34.91723346,3.44E-09,0,10
r_13701:13771:13811_`101,34.90200711,3.47E-09,0,23
r_13212:13288:13340_`111,34.89991461,3.47E-09,0,10.5
f_13336:13338:13394_`101,34.88860067,3.49E-09,0,22.5
r_13507:13516:13569_`110,34.88303634,3.50E-09,0,18
r_13678:13691:13760_`110,34.87566141,3.51E-09,0,36.5
f_13569:13634:13661_`011,34.84489683,3.57E-09,0,14
f_13678:13691:13709_`110,34.83291897,3.59E-09,0,35.5
f_13351:13374:13396_`101,34.82940051,3.60E-09,0,22
r_13718:13806:13815_`101,34.80906184,3.64E-09,0,8.5
r_13678:13709:13784_`110,34.8087834,3.64E-09,0,13
r_13401:13419:13507_`110,34.77678571,3.70E-09,0,4
f_13678:13724:13811_`101,34.77255152,3.71E-09,0,5.5
f_13383:13401:13438_`011,34.77240004,3.71E-09,0,5
f_13709:13742:13794_`101,34.76997563,3.71E-09,0,10
r_13505:13533:13569_`110,34.7591233,3.73E-09,0,22
f_13507:13533:13567_`011,34.7556187,3.74E-09,0,12
f_13338:13360:13415_`101,34.73593845,3.78E-09,0,20
f_13368:13394:13409_`011,34.72715363,3.79E-09,0,41
f_13516:13537:13600_`011,34.71153846,3.82E-09,0,4
r_13718:13806:13808_`101,34.69726563,3.85E-09,0,12
r_13701:13771:13806_`101,34.64309885,3.96E-09,0,29
r_13212:13235:13338_`111,34.63158876,3.98E-09,0,9
f_13336:13368:13401_`101,34.62298987,4.00E-09,0,37
f_13336:13368:13409_`101,34.61417209,4.02E-09,0,36.5
f_13336:13374:13401_`101,34.60812284,4.03E-09,0,24
f_13368:13415:13419_`011,34.59018532,4.07E-09,0,17.5
f_13336:13360:13374_`101,34.5835585,4.08E-09,0,39
f_13360:13401:13415_`011,34.5799147,4.09E-09,0,33
f_13351:13368:13409_`101,34.57138002,4.11E-09,0,32
r_13334:13378:13401_`101,34.57067477,4.11E-09,0,20
r_13401:13498:13505_`101,34.5556134,4.14E-09,0,8
f_13627:13661:13707_`101,34.54545455,4.16E-09,0,3.5
r_13701:13742:13808_`101,34.51220107,4.24E-09,0,32.5
f_13372:13383:13411_`101,34.50091375,4.26E-09,0,11
f_13334:13360:13378_`101,34.48504377,4.30E-09,0,47.5
f_13374:13394:13409_`011,34.48080297,4.30E-09,0,23
r_21882:21998:22002_`000,34.48016504,4.31E-09,0,125
r_13360:13378:13401_`101,34.45870536,4.35E-09,0,9
f_13338:13351:13374_`011,34.44332992,4.39E-09,0,21
r_13409:13498:13524_`101,34.4375,4.40E-09,0,3
f_13360:13401:13419_`011,34.43281869,4.41E-09,0,21
r_13505:13533:13596_`110,34.42372882,4.43E-09,0,18.5
r_13713:13742:13811_`101,34.42098261,4.44E-09,0,16.5
r_13634:13669:13742_`110,34.41991793,4.44E-09,0,22.5
f_13684:13742:13794_`101,34.41174812,4.46E-09,0,7.5
r_13334:13383:13411_`101,34.39601762,4.50E-09,0,15
r_13691:13742:13804_`101,34.39251003,4.50E-09,0,21.5
r_13401:13498:13516_`101,34.39195066,4.51E-09,0,4
r_13742:13784:13808_`011,34.38146608,4.53E-09,0,47
r_13713:13760:13815_`101,34.37978656,4.53E-09,0,9.5
r_13351:13368:13409_`101,34.37288786,4.55E-09,0,40
r_13212:13336:13338_`111,34.36599717,4.57E-09,0,11.5
f_13338:13351:13383_`011,34.3406779,4.63E-09,0,20.5
f_13336:13338:13411_`101,34.33591561,4.64E-09,0,18.5
f_13351:13374:13381_`101,34.33178353,4.65E-09,0,25.5
r_13718:13742:13806_`101,34.32927211,4.65E-09,0,33
f_13351:13374:13394_`101,34.32607577,4.66E-09,0,24.5
f_13678:13713:13760_`101,34.31800049,4.68E-09,0,19.5
r_13340:13368:13411_`101,34.31739091,4.68E-09,0,34.5
f_13533:13569:13586_`101,34.31348389,4.69E-09,0,22.5
r_13678:13709:13760_`110,34.29671609,4.73E-09,0,23.5
f_13569:13600:13627_`011,34.28899564,4.75E-09,0,27
f_13336:13360:13396_`101,34.26732861,4.80E-09,0,43
f_13338:13340:13351_`011,34.24702585,4.85E-09,0,45
f_13288:13338:13340_`101,34.24529159,4.86E-09,0,24
r_13372:13378:13401_`101,34.23958341,4.87E-09,0,18
f_13713:13794:13806_`011,34.22794118,4.90E-09,0,12
f_13686:13742:13804_`101,34.21606201,4.93E-09,0,11
f_13338:13378:13401_`101,34.21419913,4.94E-09,0,11.5
f_13569:13647:13669_`011,34.1837427,5.01E-09,0,13.5
f_13351:13360:13374_`101,34.17020409,5.05E-09,0,37.5
r_13498:13533:13569_`110,34.16116688,5.07E-09,0,16
r_13691:13742:13760_`101,34.15608494,5.09E-09,0,35.5
r_14007:14049:14066_`111,34.14909999,5.10E-09,0,21
f_13569:13577:13678_`011,34.14815446,5.11E-09,0,15.5
r_13206:13252:13336_`111,34.14472179,5.12E-09,0,8.5
f_13678:13742:13804_`101,34.140625,5.13E-09,0,10
f_13701:13718:13760_`101,34.10704061,5.22E-09,0,15
f_13713:13718:13794_`011,34.08943966,5.26E-09,0,10.5
f_13336:13360:13419_`101,34.07666053,5.30E-09,0,21.5
f_13505:13541:13569_`110,34.05160542,5.37E-09,0,16
f_13372:13394:13409_`011,34.03811411,5.40E-09,0,14.5
f_13713:13771:13804_`011,34.03706395,5.41E-09,0,14.5
f_13351:13368:13394_`101,34.02543365,5.44E-09,0,39.5
r_13351:13372:13396_`101,34.02393085,5.44E-09,0,23
r_13415:13419:13498_`110,34.0132325,5.47E-09,0,7
r_13804:13806:13823_`101,34.00965074,5.48E-09,0,16.5
r_21880:21893:21998_`000,34.00702879,5.49E-09,0,141
r_13661:13709:13760_`110,33.99888893,5.51E-09,0,10
r_13505:13569:13596_`110,33.97729516,5.58E-09,0,12.5
f_13537:13541:13634_`101,33.97569444,5.58E-09,0,5
r_13334:13383:13415_`101,33.96915329,5.60E-09,0,10
r_21880:21998:22002_`000,33.96826721,5.60E-09,0,111.5
r_13374:13383:13401_`101,33.96765427,5.60E-09,0,14.5
r_13742:13804:13815_`011,33.96332943,5.62E-09,0,49
r_13669:13742:13804_`101,33.93794593,5.69E-09,0,9.5
f_13351:13372:13401_`101,33.93554324,5.70E-09,0,12.5
r_13718:13742:13815_`101,33.9330386,5.70E-09,0,21.5
f_13252:13288:13306_`011,33.91005662,5.77E-09,0,37
r_13372:13378:13411_`101,33.90616951,5.78E-09,0,16
r_13368:13381:13411_`011,33.90331701,5.79E-09,0,43
r_13334:13368:13381_`101,33.90156472,5.80E-09,0,39
f_13691:13713:13771_`101,33.89666566,5.81E-09,0,15
f_13306:13360:13401_`101,33.86680111,5.90E-09,0,31
f_13760:13794:13815_`011,33.85921592,5.92E-09,0,12
r_13678:13742:13784_`101,33.85535486,5.94E-09,0,28.5
f_13338:13340:13360_`011,33.84814973,5.96E-09,0,16.5
r_13351:13372:13401_`101,33.81885573,6.05E-09,0,20
r_13351:13372:13409_`101,33.81317874,6.07E-09,0,20
f_13206:13252:13334_`101,33.79898557,6.11E-09,0,9
f_13351:13372:13409_`101,33.78353856,6.16E-09,0,10.5
f_13351:13374:13383_`101,33.78078276,6.17E-09,0,22
f_13524:13569:13600_`101,33.77276656,6.19E-09,0,14
r_13634:13647:13678_`101,33.77237074,6.20E-09,0,22.5
f_13312:13360:13415_`101,33.76953125,6.20E-09,0,13.5
r_13212:13334:13351_`111,33.76947745,6.20E-09,0,4
f_13338:13374:13401_`101,33.76705807,6.21E-09,0,14
f_13661:13707:13742_`101,33.75780775,6.24E-09,0,14
f_13709:13713:13811_`101,33.75578704,6.25E-09,0,8
f_13336:13338:13396_`101,33.73557775,6.31E-09,0,25.5
r_13678:13709:13742_`110,33.73555973,6.31E-09,0,42.5
f_13338:13411:13419_`011,33.71804211,6.37E-09,0,12
r_13409:13415:13498_`110,33.71307409,6.39E-09,0,7.5
r_13351:13383:13438_`101,33.6953125,6.45E-09,0,5
f_13567:13569:13669_`101,33.69317054,6.45E-09,0,14
r_13336:13378:13383_`101,33.68997248,6.46E-09,0,17.5
r_13336:13383:13409_`101,33.68664027,6.47E-09,0,12.5
f_13567:13701:13707_`110,33.67714152,6.51E-09,0,4
r_13505:13524:13567_`101,33.64592844,6.61E-09,0,21
r_13966:14066:14100_`111,33.64583333,6.61E-09,0,4.5
f_13351:13368:13411_`101,33.6391669,6.63E-09,0,29.5
r_13372:13374:13401_`011,33.63855137,6.64E-09,0,12.5
f_13338:13411:13438_`011,33.60625,6.75E-09,0,8
r_13742:13784:13806_`011,33.60416685,6.75E-09,0,41.5
f_13334:13360:13396_`101,33.60388775,6.76E-09,0,49.5
f_13686:13742:13760_`101,33.60319146,6.76E-09,0,18.5
f_13596:13606:13647_`011,33.60085227,6.77E-09,0,12.5
r_13351:13372:13415_`101,33.59622225,6.78E-09,0,14
f_13368:13381:13419_`011,33.59556117,6.78E-09,0,19
r_13713:13742:13806_`101,33.58441131,6.82E-09,0,23
r_13372:13383:13411_`101,33.57141303,6.87E-09,0,13.5
f_13351:13372:13396_`101,33.56686345,6.89E-09,0,14
r_13374:13378:13411_`101,33.55615344,6.92E-09,0,14.5
r_13718:13742:13804_`101,33.53993164,6.98E-09,0,36
r_13669:13713:13784_`101,33.51000856,7.09E-09,0,14
f_13360:13374:13411_`011,33.48960554,7.16E-09,0,28
f_13336:13360:13383_`101,33.48574815,7.18E-09,0,40
f_13360:13409:13419_`011,33.48102872,7.20E-09,0,21
f_13360:13378:13415_`011,33.46041223,7.27E-09,0,24.5
f_13360:13396:13438_`011,33.44153916,7.34E-09,0,11
f_13368:13396:13419_`011,33.42322224,7.41E-09,0,23
f_13533:13569:13586_`110,33.42083882,7.42E-09,0,11
r_13718:13760:13804_`101,33.42065173,7.42E-09,0,21
r_13718:13804:13806_`110,33.41964286,7.43E-09,0,11.5
f_13374:13401:13419_`011,33.4173349,7.44E-09,0,13
f_13338:13360:13381_`011,33.41010774,7.46E-09,0,12.5
r_13505:13537:13569_`110,33.4051892,7.48E-09,0,21.5
r_13505:13516:13596_`110,33.38396725,7.56E-09,0,19.5
r_13678:13742:13804_`101,33.37819405,7.59E-09,0,18
r_13336:13368:13419_`101,33.36740339,7.63E-09,0,21
f_13288:13338:13374_`101,33.36703785,7.63E-09,0,9.5
r_13684:13760:13784_`101,33.35747463,7.67E-09,0,14.5
r_13760:13784:13815_`011,33.34750781,7.71E-09,0,23.5
r_13336:13374:13411_`101,33.34536245,7.72E-09,0,18.5
r_13661:13684:13686_`101,33.33976699,7.74E-09,0,12.5
f_13252:13306:13338_`011,33.3271008,7.79E-09,0,18.5
f_13340:13374:13401_`101,33.32558035,7.80E-09,0,22
f_13678:13707:13742_`101,33.32533411,7.80E-09,0,22.5
r_13409:13438:13498_`110,33.31818141,7.82E-09,0,7.5
r_13505:13569:13606_`101,33.31490655,7.84E-09,0,10
f_13368:13372:13411_`011,33.31426896,7.84E-09,0,25
r_13336:13351:13419_`110,33.30836447,7.86E-09,0,12
f_13533:13586:13600_`101,33.29982365,7.90E-09,0,18.5
f_13541:13567:13569_`110,33.29311496,7.93E-09,0,18.5
r_13401:13415:13507_`110,33.29241071,7.93E-09,0,4
f_13312:13338:13372_`101,33.29022791,7.94E-09,0,16
f_13661:13691:13718_`011,33.27896746,7.98E-09,0,7.5
r_13372:13374:13411_`011,33.26867374,8.03E-09,0,11
f_13374:13383:13411_`011,33.26754109,8.03E-09,0,18
r_13351:13368:13438_`101,33.252707,8.09E-09,0,16
f_13360:13383:13419_`011,33.24843789,8.11E-09,0,18
f_13569:13586:13634_`011,33.24240809,8.14E-09,0,19.5
f_13701:13724:13811_`101,33.2380145,8.15E-09,0,10